Nombre,Tipo de Identificacion,Numero de Identificacion,Numero de Factura,Valor a pagar,Fecha de pago (aaaa-mm-dd)
Diego Rocha,Cedula,1019062752,12345,350000,2020-11-05
Karla Fernandez,Nit,573246,654321,980000,2020-11-06
Luis Rocha,Cedula,19379297,98765,350000,2020-11-07
Sandra Fonseca,Pasaporte,39682408,654356,250000,2020-11-08
Carlos Buitrago,CE,576756786,12345,350000,2020-11-09
Larry Cura,Visa,5253,654321,980000,2020-11-10
Don Jesus,Pase,69696,98765,350000,2020-11-11
Laura Potes,Cedula,99999,654356,250000,2020-11-12
Luis Rodriguez,Cedula,8376386,12345,350000,2020-11-13
Lorena Pausini,Nit,424242,654321,980000,2020-11-14
Jose Matias,Visa,4564565,98765,350000,2020-11-15
Soledad Atlantico,Cedula,12312312,654356,250000,2020-11-16
